"Model","MAE","RMSE"
"Linear",675.629259831688,902.6514929096
"Elastic Net",675.603884235734,902.782346186816
"XGBoost",628.385386882016,853.627460494325
